acc_train,acc_val,acc_test,Modelo
0.9870203137397766,0.9950000047683716,0.9649999737739564,Modelo1
0.9836342930793762,1.0,0.9800000190734864,Modelo2
0.980812668800354,1.0,0.9700000286102296,Modelo3
